{
  "th": 3.072103,
  "he": 3.122776,
  "of": 2.358696,
  "an": 3.494669,
  "nd": 3.218349,
  "in": 3.809188,
  "fo": 2.789108,
  "or": 3.464566,
  "is": 3.287564,
  "on": 3.683386,
  "ha": 3.003254,
  "at": 3.585175,
  "by": 1.854792,
  "hi": 2.963995,
  "wi": 2.633236,
  "it": 3.345664,
  "yo": 1.923037,
  "ou": 3.135645,
  "no": 2.813247,
  "ot": 2.921171,
  "be": 2.855846,
  "ar": 3.448713,
  "re": 3.6787,
  "fr": 2.404988,
  "ro": 3.274338,
  "om": 3.108139,
  "as": 3.126391,
  "ur": 3.154254,
  "al": 3.477548,
  "ll": 3.13841,
  "av": 2.476498,
  "ve": 3.317106,
  "ne": 3.270537,
  "ew": 2.462008,
  "mo": 2.909535,
  "wa": 2.750277,
  "we": 2.693041,
  "il": 3.079109,
  "ho": 2.996372,
  "me": 3.296963,
  "ca": 3.198902,
  "ab": 2.841447,
  "bo": 2.757305,
  "ut": 2.932864,
  "if": 2.657601,
  "pa": 3.027227,
  "ag": 2.841916,
  "ge": 3.102711,
  "se": 3.355436,
  "ea": 3.272139,
  "rc": 2.552741,
  "ch": 3.134183,
  "ee": 2.933953,
  "bu": 2.64874,
  "er": 3.717829,
  "do": 2.652517,
  "nf": 2.33086,
  "rm": 2.696907,
  "ma": 3.135654,
  "ti": 3.692894,
  "io": 3.47268,
  "im": 2.882035,
  "ey": 2.204093,
  "si": 3.253248,
  "te": 3.593261,
  "up": 2.508732,
  "ay": 2.671922,
  "wh": 2.247482,
  "ic": 3.324965,
  "ei": 2.323706,
  "ir": 2.884178,
  "ws": 2.151921,
  "us": 3.014777,
  "ny": 2.207365,
  "nl": 2.032377,
  "ly": 3.068905,
  "so": 2.879176,
  "en": 3.597779,
  "co": 3.444761,
  "nt": 3.50727,
  "ta": 3.254708,
  "ac": 3.169366,
  "ct": 3.177487,
  "es": 3.657863,
  "ss": 3.093282,
  "eb": 2.287399,
  "ls": 2.707136,
  "ow": 2.802705,
  "el": 3.227169,
  "lp": 1.878981,
  "et": 3.102646,
  "vi": 2.97353,
  "ie": 3.119642,
  "li": 3.325981,
  "fi": 2.951255,
  "rs": 3.171598,
  "st": 3.480289,
  "am": 2.904337,
  "wo": 2.459619,
  "ul": 2.846795,
  "ld": 2.482702,
  "rv": 2.420121,
  "ce": 3.263913,
  "cl": 2.75848,
  "ck": 2.819998,
  "ts": 3.120291,
  "ik": 1.973728,
  "ke": 2.824594,
  "pr": 3.18771,
  "ri": 3.398839,
  "da": 2.755783,
  "ba": 2.826185,
  "to": 3.10433,
  "op": 2.833581,
  "pe": 3.159609,
  "eo": 2.106463,
  "pl": 2.93847,
  "le": 3.414995,
  "ad": 3.023117,
  "na": 3.071068,
  "ju": 2.25176,
  "ov": 2.708472,
  "ye": 2.323004,
  "em": 3.023886,
  "ai": 3.006457,
  "tw": 1.904012,
  "lt": 2.550228,
  "rl": 2.245488,
  "ex": 2.859841,
  "xt": 2.167081,
  "ed": 3.555022,
  "go": 2.461108,
  "rk": 2.415608,
  "la": 3.213268,
  "os": 2.889531,
  "od": 2.719837,
  "du": 2.595518,
  "uc": 2.626812,
  "mu": 2.403789,
  "uy": 1.571243,
  "ak": 2.434968,
  "sh": 2.973894,
  "sy": 2.207203,
  "ys": 2.368157,
  "po": 3.02164,
  "ci": 2.961914,
  "ty": 2.817175,
  "dd": 2.160108,
  "ol": 3.059673,
  "cy": 2.238623,
  "nu": 2.434297,
  "um": 2.689726,
  "mb": 2.461469,
  "su": 2.985988,
  "va": 2.708378,
  "bl": 2.876385,
  "py": 1.732956,
  "yr": 1.539578,
  "ig": 2.898572,
  "gh": 2.714908,
  "ht": 2.533124,
  "pp": 2.704691,
  "rt": 3.017772,
  "sa": 2.724595,
  "af": 2.256044,
  "ft": 2.171141,
  "oo": 2.844657,
  "id": 2.913628,
  "de": 3.387166,
  "pu": 2.527797,
  "ub": 2.477642,
  "ok": 2.398131,
  "ks": 2.493165,
  "sc": 2.778303,
  "hr": 2.201233,
  "ug": 2.466986,
  "nk": 2.309268,
  "ev": 2.738836,
  "rd": 2.72737,
  "ry": 2.835304,
  "iv": 2.966573,
  "ms": 2.3485,
  "mp": 2.943534,
  "gr": 2.794,
  "oe": 1.947532,
  "un": 3.067275,
  "ra": 3.434152,
  "ni": 3.074937,
  "ja": 1.843295,
  "ua": 2.639855,
  "fu": 2.47299,
  "ap": 2.898056,
  "og": 2.586835,
  "fe": 2.788656,
  "kn": 2.055455,
  "ga": 2.705718,
  "rn": 2.67374,
  "tr": 3.208412,
  "mm": 2.486629,
  "lo": 3.124846,
  "pm": 1.424718,
  "ep": 2.757009,
  "ff": 2.551047,
  "ef": 2.656912,
  "di": 3.232999,
  "yp": 1.832062,
  "ec": 3.201867,
  "au": 2.552607,
  "oc": 2.722766,
  "ng": 3.55198,
  "gn": 2.413317,
  "dr": 2.487393,
  "ph": 2.569783,
  "ip": 2.632366,
  "pi": 2.766911,
  "bj": 1.586024,
  "je": 2.162594,
  "ru": 2.658812,
  "fa": 2.660277,
  "mi": 3.045182,
  "sp": 2.875299,
  "ia": 3.048721,
  "bs": 2.278456,
  "hn": 1.736715,
  "gy": 2.063071,
  "oj": 1.460898,
  "wn": 2.1854,
  "cu": 2.735551,
  "oa": 2.470308,
  "cc": 2.492593,
  "rr": 2.706991,
  "bi": 2.771477,
  "aw": 2.207149,
  "tu": 2.869067,
  "iz": 2.409578,
  "ze": 2.337719,
  "nc": 3.099601,
  "lu": 2.640511,
  "ud": 2.418815,
  "gu": 2.507869,
  "ui": 2.576526,
  "sm": 2.204988,
  "nm": 1.749659,
  "gi": 2.675861,
  "tm": 1.956888,
  "tl": 2.507707,
  "cr": 2.829046,
  "pt": 2.609904,
  "ns": 3.327929,
  "hy": 2.09054,
  "qu": 2.687475,
  "tt": 2.711191,
  "eg": 2.651966,
  "ue": 2.623952,
  "jo": 2.041827,
  "ob": 2.409274,
  "oi": 2.353705,
  "dv": 2.104999,
  "gl": 2.226961,
  "ox": 1.89889,
  "ek": 1.815046,
  "rg": 2.513923,
  "ib": 2.58616,
  "br": 2.664802,
  "hu": 2.31169,
  "eq": 2.23203,
  "dy": 2.140885,
  "db": 1.376029,
  "ki": 2.595496,
  "gs": 2.396391,
  "ax": 1.916191,
  "ym": 2.051538,
  "rf": 2.077404,
  "uo": 1.606489,
  "xp": 2.433674,
  "xa": 1.85558,
  "sw": 2.113141,
  "lw": 1.049993,
  "wr": 1.851503,
  "ps": 2.361633,
  "ds": 2.714833,
  "aj": 1.275542,
  "gt": 1.645913,
  "lm": 1.742961,
  "lc": 1.823018,
  "lf": 1.900586,
  "hs": 1.717837,
  "pd": 1.261025,
  "lr": 1.288026,
  "sk": 2.212747,
  "cs": 2.206205,
  "nn": 2.500182,
  "sl": 2.359949,
  "nv": 2.416457,
  "yl": 1.796297,
  "lk": 1.863204,
  "eu": 1.970533,
  "bm": 1.403807,
  "tc": 2.206016,
  "yt": 1.725503,
  "wl": 1.644439,
  "dg": 2.090787,
  "az": 1.825815,
  "zi": 1.804344,
  "oy": 2.187464,
  "fl": 2.462338,
  "rp": 2.167672,
  "dw": 1.621695,
  "gd": 0.749736,
  "uf": 1.895864,
  "wt": 1.083144,
  "ka": 1.811575,
  "lb": 1.653791,
  "dm": 1.823083,
  "xc": 2.061603,
  "za": 1.974834,
  "vo": 2.394837,
  "tg": 1.202761,
  "lv": 2.010893,
  "xe": 2.04669,
  "ix": 1.969136,
  "dl": 2.184918,
  "sd": 1.428783,
  "dn": 1.475381,
  "iq": 1.709863,
  "xi": 2.106803,
  "sf": 1.846461,
  "tn": 1.70774,
  "rw": 1.698275,
  "yi": 2.111094,
  "np": 1.108565,
  "tb": 1.425697,
  "tp": 1.281715,
  "eh": 1.888011,
  "aq": 1.374382,
  "td": 1.210051,
  "kg": 0.980458,
  "yb": 1.539452,
  "bt": 1.498035,
  "yw": 1.392697,
  "iu": 1.892762,
  "nj": 1.71792,
  "kt": 1.062582,
  "oh": 1.404834,
  "zo": 1.683317,
  "my": 1.849604,
  "pf": 0.7348,
  "hl": 1.740047,
  "ya": 1.87691,
  "kl": 1.608954,
  "sq": 1.328583,
  "rh": 1.521661,
  "dc": 1.498586,
  "sr": 1.255031,
  "ae": 1.395326,
  "rb": 2.099232,
  "pg": 1.219323,
  "tf": 1.465234,
  "vy": 1.022428,
  "gg": 2.0172,
  "kf": 1.195069,
  "mn": 1.461799,
  "fy": 1.770042,
  "sn": 1.592288,
  "ii": 1.104828,
  "ko": 1.451172,
  "wy": 1.002598,
  "hd": 1.327155,
  "zz": 1.490239,
  "yc": 1.793301,
  "ah": 1.459543,
  "yn": 1.650016,
  "hc": 0.964731,
  "mf": 1.147367,
  "km": 0.991669,
  "ky": 1.538071,
  "ux": 1.371068,
  "xu": 0.94939,
  "kb": 1.007321,
  "yd": 1.328583,
  "dt": 1.19201,
  "ku": 1.294025,
  "hb": 1.324488,
  "lg": 1.503791,
  "hw": 1.553155,
  "sb": 1.149219,
  "zy": 1.330414,
  "pc": 0.727541,
  "nr": 1.440752,
  "nh": 1.729003,
  "tz": 0.718502,
  "cz": 0.694605,
  "xf": 0.730782,
  "iw": 0.702431,
  "bb": 1.636087,
  "uv": 0.956168,
  "cq": 1.327972,
  "kj": 0.619093,
  "hm": 1.708166,
  "kr": 1.133858,
  "xh": 1.318898,
  "nw": 1.439964,
  "nq": 1.283527,
  "bv": 1.018284,
  "gm": 1.447313,
  "kp": 0.945469,
  "uk": 1.310268,
  "hv": 0.697229,
  "uu": 0.706718,
  "bn": 1.027757,
  "nb": 1.37236,
  "uz": 1.349472,
  "zl": 0.92993,
  "qi": 0.694605,
  "fg": 0.957128,
  "mc": 0.770115,
  "gb": 0.732394,
  "bc": 1.197556,
  "dh": 1.082785,
  "fs": 1.454997,
  "wd": 1.143951,
  "sg": 0.965202,
  "ln": 1.374382,
  "dj": 1.390935,
  "xy": 1.122544,
  "yg": 1.108227,
  "dq": 0.729165,
  "ez": 1.314078,
  "zu": 0.692847,
  "lh": 0.723456,
  "yh": 0.584331,
  "bw": 0.943495,
  "nz": 1.209783,
  "xo": 0.902547,
  "oz": 1.311966,
  "nx": 0.92993,
  "ij": 1.086716,
  "ji": 0.941014,
  "bd": 0.885926,
  "ej": 1.232742,
  "vu": 1.084219,
  "wc": 0.691965,
  "yz": 1.190612,
  "ao": 1.115943,
  "uw": 0.668386,
  "tv": 0.647383,